estadosbrasil,Acre
estadosbrasil,Alagoas
estadosbrasil,Amapa
estadosbrasil,Amazonas
estadosbrasil,Bahia
estadosbrasil,Ceara
estadosbrasil,Distrito Federal
estadosbrasil,Espirito Santo
estadosbrasil,Goias 
estadosbrasil,Maranhao
estadosbrasil,Mato Grosso
estadosbrasil,Mato Grosso do Sul
estadosbrasil,Minas Gerais
estadosbrasil,Para
estadosbrasil,Paraiba
estadosbrasil,Parana
estadosbrasil,Pernambuco
estadosbrasil,Piaui
estadosbrasil,Rio de Janeiro
estadosbrasil,Rio Grande do Norte
estadosbrasil,Rio Grande do Sul
estadosbrasil,Rondonia
estadosbrasil,Roraima
estadosbrasil,Santa Catarina
estadosbrasil,Sao Paulo
estadosbrasil,Sergipe
estadosbrasil,Tocantins