capitaisbrasil,Rio Branco
capitaisbrasil,Maceio
capitaisbrasil,Macapa
capitaisbrasil,Manaus
capitaisbrasil,Salvador
capitaisbrasil,Fortaleza
capitaisbrasil,Brasilia
capitaisbrasil,Vitoria
capitaisbrasil,Goiania
capitaisbrasil,Sao Luis
capitaisbrasil,Cuiaba
capitaisbrasil,Campo Grande
capitaisbrasil,Belo Horizonte
capitaisbrasil,Belem
capitaisbrasil,Joao Pessoa
capitaisbrasil,Curitiba
capitaisbrasil,Recife
capitaisbrasil,Teresina
capitaisbrasil,Rio de Janeiro
capitaisbrasil,Natal
capitaisbrasil,Porto Alegre
capitaisbrasil,Porto Velho
capitaisbrasil,Boa Vista
capitaisbrasil,Florianopolis
capitaisbrasil,Sao Paulo
capitaisbrasil,Aracaju
capitaisbrasil,Palmas